code,earningsDate,memo
6857,2026-07-29,2027/3期1Q(公式IRカレンダーで確認 2026-07-18)
9502,2026-07-29,2027/3期1Q(公式IRカレンダーで確認 2026-07-18)
8035,2026-07-30,2027/3期1Q(公式IRカレンダーで確認 2026-07-18)
6981,2026-07-31,2027/3期1Q(公式IRカレンダーで確認 2026-07-18)
8316,2026-07-31,2027/3期1Q(公式IRカレンダーで確認 2026-07-18)
8053,2026-07-31,2026年度1Q(公式IRカレンダーで確認 2026-07-18)
9503,2026-07-31,2026年度1Q(公式IRカレンダーで確認 2026-07-18)
8306,2026-08-03,2027/3期1Q(公式IRカレンダーで確認 2026-07-18)
8001,2026-08-03,2026年度1Q(公式IRカレンダーで確認 2026-07-18)
9432,2026-08-06,2026年度1Q(公式IRカレンダーで確認 2026-07-18)
7012,2026-08-07,2026年の予定として記載(公式IRカレンダーで確認 2026-07-18)
